PRE-MINE,Al Sweigart,1000000000
Al Sweigart,Miles Bron,19116
Miles Bron,not_a_scammer,118
Al Sweigart,some hacker,16273
Al Sweigart,not_a_scammer,28356
some hacker,Tech Bro,52
some hacker,Al Sweigart,17
some hacker,not_a_scammer,40
Claire Debella,Credulous Journalist,57
Al Sweigart,Birdie Jay,30631
Birdie Jay,Miles Bron,125
Al Sweigart,Al Sweigart,28657
some hacker,Miles Bron,92
some hacker,Carol,54
some hacker,Mark Z.,61
Birdie Jay,Bob,134
Al Sweigart,Andi Brand,22141
not_a_scammer,Eve,106
Al Sweigart,Al Sweigart,29134
Andi Brand,Miles Bron,73
Andi Brand,Andi Brand,18
Miles Bron,not_a_scammer,19
Andi Brand,Carol,95
Miles Bron,Mark Z.,22
Bob,Al Sweigart sock #27,14
Carol,Bob,11
Birdie Jay,some hacker,120
Miles Bron,Tech Bro,19
Birdie Jay,Al Sweigart sock #27,129
Al Sweigart sock #27,Mark Z.,17
Carol,Tax evader,18
Andi Brand,Eve,54
not_a_scammer,Credulous Journalist,69
Credulous Journalist,Tech Bro,15
Al Sweigart,Claire Debella,14886
Eve,Tech Bro,22
Carol,Tech Bro,14
Carol,Bob,15
Tech Bro,Miles Bron,18
Miles Bron,Tech Bro,17
Birdie Jay,Birdie Jay,130
Miles Bron,Duke Cody,18
Al Sweigart sock #27,some hacker,12
Credulous Journalist,Credulous Journalist,20
Tech Bro,Andi Brand,21
Credulous Journalist,Lionel Toussaint,14
Birdie Jay,not_a_scammer,17
Andi Brand,Miles Bron,13
some hacker,Tech Bro,116
Al Sweigart sock #27,Tax evader,19
Eve,not_a_scammer,11
Bob,Al Sweigart sock #27,20
Tech Bro,Lionel Toussaint,15
Miles Bron,Mark Z.,25
not_a_scammer,some scammer,130
Al Sweigart sock #27,Claire Debella,10
Al Sweigart,Claire Debella,14610
not_a_scammer,Mark Z.,81
some hacker,Mark Z.,100
some hacker,Bob,131
some scammer,Al Sweigart sock #27,17
Eve,Tech Bro,13
Al Sweigart,Eve,15996
Birdie Jay,Bob,128
Al Sweigart,Carol,3851
some hacker,not_a_scammer,39
some scammer,Andi Brand,14
Carol,Eve,70
Eve,Al Sweigart,93
Bob,Claire Debella,28
Tech Bro,Al Sweigart sock #27,10
Tech Bro,Al Sweigart sock #27,14
Mark Z.,Bob,10
Birdie Jay,Al Sweigart sock #27,53
Al Sweigart,Alice,6815
Eve,Bob,64
Al Sweigart sock #27,Miles Bron,17
some hacker,Alice,133
Mark Z.,some hacker,10
Al Sweigart sock #27,not_a_scammer,13
Mark Z.,Birdie Jay,23
Mark Z.,Alice,10
Al Sweigart,Carol,17574
Alice,Mark Z.,62
Andi Brand,Alice,30
Al Sweigart sock #27,Mark Z.,13
Andi Brand,Andi Brand,150
Alice,Mark Z.,26
Bob,Carol,16
Bob,Birdie Jay,12
Al Sweigart,Credulous Journalist,25314
Alice,Birdie Jay,81
Al Sweigart sock #27,Al Sweigart sock #27,20
Carol,Al Sweigart,99
Al Sweigart sock #27,Credulous Journalist,14
Tech Bro,Carol,12
Tech Bro,Claire Debella,12
Mark Z.,Tech Bro,11
Credulous Journalist,Tech Bro,106
Al Sweigart sock #27,some scammer,12
Claire Debella,Birdie Jay,156
Claire Debella,Mark Z.,47
Credulous Journalist,Carol,72
Tech Bro,Bob,13
Birdie Jay,not_a_scammer,139
Bob,Carol,16
Bob,Tech Bro,29
Tech Bro,Claire Debella,27
Al Sweigart sock #27,Birdie Jay,14
Carol,Al Sweigart,142
Bob,Andi Brand,23
Credulous Journalist,Birdie Jay,25
Mark Z.,some hacker,12
Al Sweigart sock #27,Birdie Jay,13
Mark Z.,Bob,17
Tech Bro,some hacker,26
Andi Brand,Tech Bro,53
some hacker,Al Sweigart sock #27,40
Eve,Bob,83
Credulous Journalist,Tech Bro,135
Alice,Credulous Journalist,73
not_a_scammer,Lionel Toussaint,51
Eve,Birdie Jay,55
Carol,not_a_scammer,27
some scammer,Carol,14
Birdie Jay,Claire Debella,68
Carol,Birdie Jay,65
Al Sweigart,Carol,28692
Alice,Lionel Toussaint,46
Miles Bron,Carol,21
Mark Z.,Mark Z.,14
Al Sweigart sock #27,Bob,14
Bob,not_a_scammer,27
Lionel Toussaint,David,12
Andi Brand,Tech Bro,104
Al Sweigart sock #27,Credulous Journalist,20
some hacker,Alice,103
Mark Z.,Credulous Journalist,26
Al Sweigart,Tax evader,5308
Tax evader,Al Sweigart,16
not_a_scammer,Claire Debella,58
Claire Debella,Tech Bro,103
Tech Bro,Claire Debella,18
Birdie Jay,Duke Cody,49
Bob,Andi Brand,19
Bob,Duke Cody,13
Claire Debella,Bob,152
Carol,some hacker,110
Carol,Lionel Toussaint,58
Tech Bro,Birdie Jay,13
Credulous Journalist,Bob,76
Mark Z.,Claire Debella,22
Al Sweigart,Tax evader,21395
Tech Bro,Carol,30
Bob,some scammer,23
Andi Brand,Andi Brand,60
Tech Bro,not_a_scammer,16
Carol,Eve,72
Birdie Jay,David,52
Miles Bron,Bob,12
Claire Debella,Birdie Jay,133
Alice,not_a_scammer,61
Birdie Jay,Al Sweigart sock #27,85
some scammer,Al Sweigart sock #27,18
Al Sweigart,Bob,27079
Claire Debella,Alice,131
not_a_scammer,Tax evader,62
not_a_scammer,Alice,57
Alice,Alice,35
Birdie Jay,not_a_scammer,137
Al Sweigart,Miles Bron,1648
Birdie Jay,Lionel Toussaint,32
Tax evader,not_a_scammer,128
Miles Bron,Miles Bron,20
Birdie Jay,Duke Cody,26
not_a_scammer,Lionel Toussaint,95
not_a_scammer,Duke Cody,158
Tax evader,Miles Bron,105
Lionel Toussaint,Tax evader,14
Duke Cody,Carol,16
Al Sweigart sock #27,Tech Bro,13
Eve,Carol,78
Al Sweigart,Carol,10202
Mark Z.,Mark Z.,13
Alice,Tax evader,15
some hacker,not_a_scammer,60
Birdie Jay,Credulous Journalist,48
Claire Debella,Alice,209
Tax evader,Credulous Journalist,107
Andi Brand,Al Sweigart,51
Mark Z.,David,26
Bob,Lionel Toussaint,102
Alice,Credulous Journalist,37
Al Sweigart,Credulous Journalist,24938
Claire Debella,Al Sweigart sock #27,163
some scammer,Miles Bron,13
Tech Bro,Al Sweigart sock #27,10
Al Sweigart,Eve,2789
Lionel Toussaint,Eve,17
Lionel Toussaint,Alice,11
not_a_scammer,Miles Bron,112
Duke Cody,Duke Cody,11
Miles Bron,Tech Bro,29
Al Sweigart sock #27,Duke Cody,11
Miles Bron,Claire Debella,42
Mark Z.,Miles Bron,21
Alice,Carol,15
Credulous Journalist,Birdie Jay,24
Claire Debella,Eve,188
Credulous Journalist,Birdie Jay,82
Mark Z.,Alice,21
Eve,Claire Debella,59
Credulous Journalist,Alice,123
some hacker,Duke Cody,69
Al Sweigart,Mark Z.,26461
Miles Bron,Andi Brand,31
Al Sweigart sock #27,not_a_scammer,27
Bob,some scammer,147
some hacker,some hacker,52
not_a_scammer,Alice,95
Tech Bro,Tech Bro,18
some hacker,Tax evader,41
Carol,Birdie Jay,25
some hacker,Andi Brand,92
Tech Bro,Birdie Jay,34
some hacker,Miles Bron,101
Credulous Journalist,Tech Bro,14
Birdie Jay,Lionel Toussaint,98
Andi Brand,Al Sweigart,21
not_a_scammer,David,39
some scammer,Alice,24
Claire Debella,some scammer,14
Tech Bro,Mark Z.,14
Lionel Toussaint,Credulous Journalist,27
Alice,Tech Bro,31
Tax evader,Tech Bro,45
Al Sweigart sock #27,Tech Bro,27
Andi Brand,Eve,138
Tax evader,Eve,80
Claire Debella,Lionel Toussaint,21
Eve,David,85
Eve,Claire Debella,109
Tax evader,Birdie Jay,165
some hacker,some scammer,44
not_a_scammer,Duke Cody,34
Credulous Journalist,some hacker,99
Bob,Duke Cody,44
Claire Debella,Credulous Journalist,47
some scammer,not_a_scammer,15
Credulous Journalist,David,134
Alice,Bob,37
some scammer,David,10
some scammer,not_a_scammer,13
Carol,Andi Brand,139
Tax evader,Tax evader,74
Andi Brand,Credulous Journalist,157
some hacker,Tech Bro,80
Duke Cody,Al Sweigart sock #27,24
Tax evader,Credulous Journalist,165
Bob,not_a_scammer,92
Credulous Journalist,Birdie Jay,12
Eve,some hacker,47
Al Sweigart,David,17061
Al Sweigart sock #27,some hacker,26
not_a_scammer,Credulous Journalist,37
Al Sweigart,Tech Bro,25815
not_a_scammer,Eve,144
Al Sweigart,Claire Debella,20237
Bob,Al Sweigart sock #27,107
Alice,not_a_scammer,62
Claire Debella,Eve,37
Duke Cody,Alice,22
some scammer,Miles Bron,20
David,Bob,108
Claire Debella,Birdie Jay,239
Lionel Toussaint,Tax evader,16
Tax evader,Credulous Journalist,171
not_a_scammer,Claire Debella,172
Tax evader,Tax evader,61
Claire Debella,Al Sweigart,12
Birdie Jay,Al Sweigart sock #27,57
some scammer,Tax evader,11
Claire Debella,Duke Cody,97
Eve,Mark Z.,103
Andi Brand,not_a_scammer,82
Al Sweigart,Alice,30409
Alice,Duke Cody,25
Tax evader,some scammer,88
not_a_scammer,Claire Debella,128
Al Sweigart,some hacker,948
not_a_scammer,Eve,74
Al Sweigart,Al Sweigart,4501
Tax evader,Miles Bron,158
Lionel Toussaint,Miles Bron,16
Carol,Andi Brand,236
David,not_a_scammer,114
Mark Z.,Alice,27
Miles Bron,Al Sweigart,31
Eve,some scammer,144
some hacker,Claire Debella,135
Lionel Toussaint,Credulous Journalist,14
Duke Cody,Credulous Journalist,17
Al Sweigart,Eve,20303
Duke Cody,Claire Debella,29
Claire Debella,Alice,270
Al Sweigart sock #27,David,26
Duke Cody,Claire Debella,22
Lionel Toussaint,some scammer,23
Credulous Journalist,Tax evader,107
Miles Bron,not_a_scammer,43
Andi Brand,Alice,110
Eve,Alice,83
some scammer,Miles Bron,24
Duke Cody,Bob,14
some hacker,Alice,128
not_a_scammer,Birdie Jay,134
Eve,David,140
Eve,Mark Z.,71
Birdie Jay,Claire Debella,37
Mark Z.,some hacker,10
Al Sweigart sock #27,Alice,15
Eve,Duke Cody,152
Birdie Jay,Lionel Toussaint,168
Al Sweigart sock #27,Tax evader,19
Lionel Toussaint,Duke Cody,21
Lionel Toussaint,Tax evader,13
Andi Brand,not_a_scammer,12
David,some hacker,50
Claire Debella,Al Sweigart sock #27,75
Lionel Toussaint,Credulous Journalist,31
Birdie Jay,Credulous Journalist,22
Miles Bron,Duke Cody,26
Birdie Jay,some hacker,156
Al Sweigart,Tax evader,5042
Tech Bro,Claire Debella,38
not_a_scammer,Tech Bro,69
David,Al Sweigart,86
Carol,Al Sweigart,62
Tax evader,Miles Bron,180
Duke Cody,Mark Z.,31
Andi Brand,Credulous Journalist,11
Andi Brand,Tax evader,132
Miles Bron,some scammer,21
not_a_scammer,some hacker,151
Mark Z.,Credulous Journalist,97
Tax evader,not_a_scammer,63
some hacker,Birdie Jay,49
Al Sweigart,Tax evader,8320
Carol,not_a_scammer,115
Bob,not_a_scammer,99
Alice,David,79
Claire Debella,Lionel Toussaint,67
Carol,Eve,205
Lionel Toussaint,Mark Z.,21
Bob,Duke Cody,52
not_a_scammer,Lionel Toussaint,70
Birdie Jay,Miles Bron,73
Miles Bron,some hacker,13
Lionel Toussaint,Tech Bro,28
some scammer,Credulous Journalist,17
Andi Brand,Alice,63
Tax evader,not_a_scammer,198
Mark Z.,David,122
Al Sweigart,some hacker,30018
Mark Z.,some scammer,72
Carol,Miles Bron,192
Miles Bron,Alice,48
some hacker,some scammer,196
David,Tax evader,97
some hacker,Claire Debella,177
Mark Z.,Tech Bro,35
Eve,Bob,87
Lionel Toussaint,Lionel Toussaint,10
Duke Cody,Duke Cody,29
Alice,Lionel Toussaint,175
some scammer,Eve,13
Duke Cody,Al Sweigart,32
Andi Brand,David,144
David,Credulous Journalist,103
Miles Bron,David,17
Tax evader,Carol,206
Bob,Eve,12
Al Sweigart sock #27,Mark Z.,25
Tech Bro,Al Sweigart sock #27,72
Bob,Andi Brand,63
Andi Brand,Claire Debella,53
Tax evader,David,149
Al Sweigart,Duke Cody,2822
Carol,Mark Z.,126
Miles Bron,Eve,37
Al Sweigart sock #27,Tech Bro,24
David,Tax evader,114
not_a_scammer,Tech Bro,81
Claire Debella,some scammer,197
Miles Bron,some hacker,34
Birdie Jay,not_a_scammer,38
Duke Cody,Miles Bron,16
Tax evader,Birdie Jay,40
Al Sweigart,Eve,12124
Credulous Journalist,Miles Bron,76
Alice,not_a_scammer,69
Carol,Credulous Journalist,188
Carol,Miles Bron,149
Carol,some hacker,35
Tech Bro,Carol,99
Credulous Journalist,Duke Cody,140
Al Sweigart,Eve,15777
Birdie Jay,Credulous Journalist,146
Claire Debella,Carol,74
Alice,Birdie Jay,74
Al Sweigart,David,10879
David,Mark Z.,148
Eve,David,185
some hacker,Tech Bro,80
Carol,Al Sweigart sock #27,103
Tech Bro,some scammer,133
Tech Bro,Claire Debella,25
Al Sweigart sock #27,Alice,31
David,Duke Cody,25
Duke Cody,Bob,31
Alice,Andi Brand,56
Bob,Miles Bron,120
Al Sweigart sock #27,David,27
some hacker,Al Sweigart sock #27,22
Eve,Lionel Toussaint,25
Carol,some hacker,64
Credulous Journalist,not_a_scammer,108
Mark Z.,not_a_scammer,151
Lionel Toussaint,Credulous Journalist,26
Al Sweigart sock #27,some hacker,33
some hacker,Credulous Journalist,119
Mark Z.,some scammer,23
Bob,Tax evader,45
Andi Brand,Tax evader,156
Duke Cody,Bob,57
Al Sweigart,Credulous Journalist,3889
Al Sweigart sock #27,Al Sweigart sock #27,11
Al Sweigart,David,6162
Eve,Duke Cody,146
some hacker,Birdie Jay,89
Duke Cody,some scammer,46
Alice,Al Sweigart sock #27,147
Birdie Jay,Carol,46
some hacker,Eve,40
Credulous Journalist,Lionel Toussaint,30
Claire Debella,Andi Brand,203
Tech Bro,Claire Debella,64
Miles Bron,Lionel Toussaint,53
Claire Debella,Lionel Toussaint,68
some scammer,some scammer,17
Bob,Lionel Toussaint,81
David,Carol,170
Andi Brand,not_a_scammer,62
some hacker,some scammer,186
Miles Bron,Miles Bron,62
Carol,Eve,135
some hacker,Mark Z.,194
Credulous Journalist,Miles Bron,130
some scammer,some scammer,43
not_a_scammer,not_a_scammer,133
Alice,Birdie Jay,10
Tax evader,Duke Cody,150
Credulous Journalist,Duke Cody,162
Duke Cody,David,39
Lionel Toussaint,Lionel Toussaint,33
Alice,not_a_scammer,47
Birdie Jay,Birdie Jay,29
Bob,Birdie Jay,149
some hacker,some scammer,119
Eve,Lionel Toussaint,74
Alice,Tech Bro,29
Al Sweigart sock #27,Tax evader,12
Duke Cody,some hacker,23
Miles Bron,Tax evader,43
Alice,Andi Brand,164
Claire Debella,Andi Brand,71
Duke Cody,Tech Bro,51
Tech Bro,Duke Cody,73
Mark Z.,Carol,87
Claire Debella,Alice,163
Mark Z.,Eve,137
Credulous Journalist,David,179
Tech Bro,Andi Brand,30
Tax evader,Duke Cody,56
Lionel Toussaint,Al Sweigart,19
Miles Bron,Claire Debella,40
Al Sweigart sock #27,Claire Debella,28
Mark Z.,Birdie Jay,103
Lionel Toussaint,not_a_scammer,21
Lionel Toussaint,Lionel Toussaint,15
David,not_a_scammer,117
Miles Bron,Bob,43
Miles Bron,Lionel Toussaint,16
Credulous Journalist,Duke Cody,138
Carol,Lionel Toussaint,11
David,not_a_scammer,190
some hacker,Tech Bro,138
Andi Brand,David,140
Tech Bro,Bob,115
Credulous Journalist,Lionel Toussaint,192
Claire Debella,Miles Bron,190
Mark Z.,not_a_scammer,157
Tax evader,Duke Cody,50
Credulous Journalist,Duke Cody,69
Carol,Tech Bro,180
David,Mark Z.,68
Lionel Toussaint,some scammer,32
Credulous Journalist,Al Sweigart sock #27,68
Tech Bro,Miles Bron,105
Credulous Journalist,Alice,99
Miles Bron,Tax evader,15
Duke Cody,Credulous Journalist,22
David,Mark Z.,66
some hacker,Bob,36
Bob,Alice,121
Tax evader,some scammer,98
Al Sweigart,Al Sweigart sock #27,15048
Bob,Al Sweigart sock #27,43
Claire Debella,Al Sweigart sock #27,220
some hacker,Duke Cody,10
Bob,Lionel Toussaint,24
Credulous Journalist,some scammer,120
Duke Cody,Claire Debella,48
Birdie Jay,Bob,167
Al Sweigart,Mark Z.,26475
Eve,Andi Brand,122
Bob,Duke Cody,145
Tax evader,Alice,109
Tech Bro,Al Sweigart,146
Mark Z.,not_a_scammer,57
Credulous Journalist,Al Sweigart,199
Credulous Journalist,Birdie Jay,198
some scammer,Credulous Journalist,13
Duke Cody,Eve,14
Carol,Al Sweigart,180
Claire Debella,Carol,234
Eve,not_a_scammer,118
Miles Bron,Lionel Toussaint,20
David,Duke Cody,33
Al Sweigart sock #27,Claire Debella,102
Tech Bro,Birdie Jay,120
Tax evader,Claire Debella,187
Carol,Miles Bron,50
Al Sweigart sock #27,some hacker,118
Al Sweigart sock #27,not_a_scammer,58
Tax evader,Claire Debella,129
Al Sweigart sock #27,David,56
some hacker,Al Sweigart sock #27,93
Duke Cody,Eve,57
Birdie Jay,Carol,104
Eve,some scammer,52
Al Sweigart sock #27,Tax evader,50
Lionel Toussaint,Miles Bron,32
Al Sweigart sock #27,Eve,122
Claire Debella,Bob,16
Eve,Lionel Toussaint,257
some scammer,Alice,14
Carol,Al Sweigart sock #27,111
Claire Debella,Tax evader,74
not_a_scammer,Tax evader,85
Andi Brand,not_a_scammer,74
Tech Bro,Al Sweigart,96
Tax evader,David,79
David,Carol,161
Alice,Mark Z.,192
Credulous Journalist,some hacker,72
Miles Bron,Andi Brand,16
Lionel Toussaint,Al Sweigart,47
some scammer,not_a_scammer,18
not_a_scammer,some hacker,53
Alice,Credulous Journalist,54
Alice,Lionel Toussaint,83
Eve,Al Sweigart,244
Andi Brand,Credulous Journalist,144
some hacker,not_a_scammer,97
Miles Bron,Claire Debella,34
Eve,Claire Debella,227
Duke Cody,Al Sweigart sock #27,58
David,Carol,184
Lionel Toussaint,not_a_scammer,21
Andi Brand,Andi Brand,108
Andi Brand,Bob,32
Al Sweigart sock #27,Mark Z.,106
Al Sweigart,Al Sweigart,12915
Carol,some scammer,180
Carol,Eve,63
Claire Debella,Mark Z.,142
not_a_scammer,Claire Debella,80
Carol,Lionel Toussaint,45
Birdie Jay,Claire Debella,61
David,Mark Z.,49
Tech Bro,David,19
Claire Debella,Tech Bro,207
Claire Debella,Miles Bron,102
Birdie Jay,Credulous Journalist,109
not_a_scammer,Lionel Toussaint,124
Al Sweigart sock #27,Credulous Journalist,34
some hacker,Carol,192
Alice,Al Sweigart sock #27,154
Miles Bron,Mark Z.,29
Birdie Jay,Mark Z.,183
Birdie Jay,Bob,148
some hacker,some scammer,78
Birdie Jay,some hacker,85
Credulous Journalist,Al Sweigart sock #27,69
Tax evader,Bob,36
not_a_scammer,not_a_scammer,148
Lionel Toussaint,Duke Cody,47
Al Sweigart,Bob,10248
Andi Brand,Duke Cody,88
Bob,Tech Bro,199
Birdie Jay,Birdie Jay,181
Carol,Carol,216
Carol,Al Sweigart,153
Lionel Toussaint,some scammer,39
Tech Bro,Tax evader,64
Credulous Journalist,Claire Debella,234
some hacker,Lionel Toussaint,107
Eve,Tax evader,116
Al Sweigart,Lionel Toussaint,27919
Andi Brand,Bob,51
Lionel Toussaint,Mark Z.,94
Alice,Al Sweigart sock #27,24
Claire Debella,Claire Debella,104
Credulous Journalist,Claire Debella,181
Andi Brand,Tech Bro,43
Al Sweigart sock #27,Lionel Toussaint,80
Andi Brand,Tax evader,68
Lionel Toussaint,David,91
Alice,Mark Z.,69
Duke Cody,Claire Debella,20
Tax evader,Credulous Journalist,53
Eve,David,19
Carol,Carol,232
some hacker,Miles Bron,19
Mark Z.,David,167
Credulous Journalist,Mark Z.,113
Mark Z.,Tech Bro,117
Carol,Al Sweigart,27
Alice,Al Sweigart sock #27,172
Eve,Tax evader,163
Mark Z.,Alice,184
Claire Debella,Alice,65
Credulous Journalist,Lionel Toussaint,142
Duke Cody,Al Sweigart,10
Carol,Lionel Toussaint,242
Credulous Journalist,Birdie Jay,49
Al Sweigart sock #27,some hacker,12
Bob,some scammer,74
not_a_scammer,Mark Z.,51
some hacker,some scammer,217
Alice,Miles Bron,180
Carol,Andi Brand,229
Lionel Toussaint,Al Sweigart sock #27,53
some hacker,some scammer,177
Lionel Toussaint,Carol,152
Duke Cody,Alice,42
Tech Bro,Birdie Jay,83
Duke Cody,Al Sweigart sock #27,56
Claire Debella,Bob,130
Alice,Duke Cody,98
Tax evader,Andi Brand,144
Credulous Journalist,Andi Brand,131
not_a_scammer,Alice,151
Birdie Jay,David,182
Duke Cody,Miles Bron,14
some scammer,Bob,34
Tax evader,Duke Cody,166
some scammer,Claire Debella,50
Al Sweigart sock #27,Birdie Jay,83
Andi Brand,Lionel Toussaint,53
Al Sweigart,Alice,7902
Carol,Mark Z.,205
Carol,Miles Bron,68
Mark Z.,Mark Z.,117
Credulous Journalist,Mark Z.,138
Lionel Toussaint,some hacker,15
Miles Bron,Carol,40
Claire Debella,Claire Debella,44
Eve,Al Sweigart,56
Carol,Carol,32
Tech Bro,Lionel Toussaint,127
Alice,Eve,186
Alice,Alice,185
Tax evader,Credulous Journalist,147
Credulous Journalist,Lionel Toussaint,155
Tax evader,Al Sweigart sock #27,90
Al Sweigart,Andi Brand,29723
Claire Debella,Tech Bro,146
Duke Cody,Andi Brand,59
Mark Z.,Mark Z.,166
Claire Debella,some hacker,126
Birdie Jay,Carol,104
Credulous Journalist,Tax evader,129
Tax evader,Carol,44
Claire Debella,Bob,116
Tech Bro,some hacker,24
Lionel Toussaint,Eve,15
Lionel Toussaint,Alice,78
Claire Debella,Credulous Journalist,108
Mark Z.,some hacker,164
Tax evader,Eve,132
Bob,some hacker,44
David,Andi Brand,83
Credulous Journalist,Carol,121
some scammer,Al Sweigart,11
Claire Debella,Bob,256
David,some hacker,181
Al Sweigart sock #27,Bob,48
Tech Bro,Duke Cody,79
some scammer,Tax evader,28
Al Sweigart sock #27,Credulous Journalist,43
Birdie Jay,Al Sweigart,137
Carol,some scammer,82
Birdie Jay,Duke Cody,120
Lionel Toussaint,Credulous Journalist,39
Miles Bron,David,52
Birdie Jay,Eve,45
David,Miles Bron,66
Alice,Credulous Journalist,33
Tech Bro,Duke Cody,18
Duke Cody,Andi Brand,59
Bob,Eve,95
Birdie Jay,Carol,27
Credulous Journalist,Duke Cody,194
Birdie Jay,Credulous Journalist,166
Al Sweigart,Eve,22200
Credulous Journalist,Birdie Jay,234
Eve,Miles Bron,251
Mark Z.,Alice,54
Birdie Jay,Carol,145
Tech Bro,Duke Cody,70
Miles Bron,Miles Bron,25
David,Miles Bron,146
Alice,Al Sweigart sock #27,73
Credulous Journalist,Claire Debella,200
Bob,Al Sweigart sock #27,162
Birdie Jay,not_a_scammer,28
Lionel Toussaint,Tech Bro,148
Miles Bron,Birdie Jay,37
Tech Bro,Credulous Journalist,142
not_a_scammer,Al Sweigart sock #27,102
Tax evader,Tax evader,128
Al Sweigart,Mark Z.,12174
Andi Brand,some hacker,34
Credulous Journalist,Lionel Toussaint,107
Al Sweigart,Tech Bro,26788
some scammer,Al Sweigart sock #27,37
some hacker,Eve,49
Bob,Tech Bro,145
Claire Debella,Andi Brand,247
Claire Debella,Claire Debella,167
Eve,Claire Debella,36
Alice,Lionel Toussaint,77
Credulous Journalist,David,163
David,Carol,110
Claire Debella,Al Sweigart sock #27,176
Claire Debella,Birdie Jay,171
Miles Bron,Eve,35
Tax evader,Lionel Toussaint,152
Birdie Jay,some hacker,58
Duke Cody,Andi Brand,58
Tech Bro,not_a_scammer,232
Birdie Jay,Miles Bron,154
Lionel Toussaint,Alice,18
Birdie Jay,Andi Brand,100
Al Sweigart,Carol,23173
Alice,Bob,129
Duke Cody,Mark Z.,77
Alice,Bob,193
Al Sweigart sock #27,Duke Cody,91
David,Miles Bron,95
Duke Cody,Birdie Jay,10
Duke Cody,Miles Bron,35
Claire Debella,Birdie Jay,100
Eve,Bob,55
Tax evader,Birdie Jay,187
Carol,Bob,41
Al Sweigart,Al Sweigart,12504
Tax evader,not_a_scammer,109
Tech Bro,Lionel Toussaint,123
Carol,David,142
Claire Debella,Claire Debella,27
Tax evader,not_a_scammer,13
some hacker,Credulous Journalist,185
Tech Bro,David,20
Andi Brand,Birdie Jay,86
Credulous Journalist,Eve,217
Bob,Andi Brand,13
Tax evader,Miles Bron,107
not_a_scammer,Claire Debella,90
Claire Debella,not_a_scammer,230
Claire Debella,Al Sweigart,21
Claire Debella,Eve,257
Andi Brand,Birdie Jay,180
Carol,Alice,274
Andi Brand,not_a_scammer,61
Claire Debella,Al Sweigart sock #27,35
Al Sweigart,Lionel Toussaint,24106
Al Sweigart sock #27,some scammer,29
Al Sweigart,Andi Brand,6314
Andi Brand,Al Sweigart,187
not_a_scammer,Bob,164
Lionel Toussaint,Duke Cody,32
Miles Bron,Tech Bro,43
Alice,Al Sweigart,212
Al Sweigart,Carol,1296
Duke Cody,Alice,76
Credulous Journalist,Lionel Toussaint,197
some hacker,Eve,60
Bob,some hacker,59
David,Credulous Journalist,107
Credulous Journalist,not_a_scammer,64
Andi Brand,Credulous Journalist,53
Tech Bro,Lionel Toussaint,80
David,Tech Bro,36
Mark Z.,not_a_scammer,71
Tech Bro,Miles Bron,144
Birdie Jay,David,152
Alice,Lionel Toussaint,97
Bob,Birdie Jay,139
not_a_scammer,Tax evader,90
Andi Brand,some hacker,69
Alice,not_a_scammer,16
Carol,Al Sweigart sock #27,32
Eve,Andi Brand,111
Claire Debella,David,203
Al Sweigart sock #27,some hacker,97
Miles Bron,Al Sweigart sock #27,12
not_a_scammer,not_a_scammer,109
Miles Bron,Lionel Toussaint,69
Al Sweigart,not_a_scammer,17976
Andi Brand,not_a_scammer,11
Eve,Tax evader,90
Tech Bro,Eve,62
some hacker,not_a_scammer,93
Credulous Journalist,some scammer,173
Andi Brand,some scammer,67
Andi Brand,Lionel Toussaint,125
David,Tech Bro,14
Al Sweigart,Birdie Jay,7632
Lionel Toussaint,some hacker,205
some hacker,Carol,185
Mark Z.,Tech Bro,104
Andi Brand,Al Sweigart,185
Birdie Jay,Bob,32
not_a_scammer,Tech Bro,154
Birdie Jay,Bob,29
Carol,Claire Debella,181
Duke Cody,Eve,29
Carol,Andi Brand,253
Duke Cody,Miles Bron,32
Tax evader,Eve,170
Andi Brand,David,12
Alice,Miles Bron,203
some scammer,Tech Bro,52
David,Eve,16
Al Sweigart,Al Sweigart sock #27,10739
Al Sweigart,Al Sweigart,30456
Lionel Toussaint,Al Sweigart,106
Carol,Claire Debella,116
Andi Brand,Mark Z.,103
Lionel Toussaint,Mark Z.,192
Andi Brand,Lionel Toussaint,97
some hacker,Credulous Journalist,202
Alice,Andi Brand,205
Credulous Journalist,Alice,174
Lionel Toussaint,Miles Bron,99
Al Sweigart sock #27,Carol,59
not_a_scammer,Al Sweigart sock #27,140
Mark Z.,Claire Debella,140
Credulous Journalist,not_a_scammer,117
Miles Bron,David,64
Bob,Al Sweigart sock #27,161
Credulous Journalist,Al Sweigart sock #27,227
Al Sweigart,Mark Z.,3536
Andi Brand,not_a_scammer,169
Tax evader,not_a_scammer,145
Eve,Carol,23
Carol,Tech Bro,45
Tax evader,Miles Bron,163
Alice,Credulous Journalist,26
Eve,not_a_scammer,290
not_a_scammer,Andi Brand,128
David,Bob,187
Tech Bro,Miles Bron,124
Andi Brand,Carol,33
Lionel Toussaint,Duke Cody,186
Claire Debella,Tech Bro,29
Andi Brand,Lionel Toussaint,248
Tech Bro,David,89
Carol,Miles Bron,26
some hacker,not_a_scammer,202
Bob,Al Sweigart sock #27,106
Miles Bron,Lionel Toussaint,48
Duke Cody,some scammer,19
Eve,Claire Debella,97
Lionel Toussaint,Al Sweigart sock #27,86
Al Sweigart sock #27,Duke Cody,55
Alice,some hacker,133
Andi Brand,Andi Brand,134
some hacker,Carol,121
some scammer,Carol,51
Mark Z.,Al Sweigart,182
Miles Bron,David,51
some scammer,David,28
Claire Debella,not_a_scammer,90
Bob,Al Sweigart,69
Credulous Journalist,Eve,53
Birdie Jay,Carol,180
Al Sweigart,Claire Debella,7827
Carol,Al Sweigart sock #27,90
Al Sweigart,Duke Cody,12299
David,Duke Cody,106
some hacker,some scammer,187
David,Tech Bro,158
Credulous Journalist,Tech Bro,190
Al Sweigart sock #27,Duke Cody,160
Claire Debella,Eve,63
Alice,not_a_scammer,167
Credulous Journalist,Claire Debella,60
Alice,some hacker,30
Miles Bron,Al Sweigart sock #27,44
Al Sweigart,Al Sweigart sock #27,19878
not_a_scammer,not_a_scammer,210
Tax evader,some hacker,140
Andi Brand,Eve,66
Credulous Journalist,Al Sweigart,56
David,not_a_scammer,70
Miles Bron,Claire Debella,17
Al Sweigart sock #27,Lionel Toussaint,177
David,Lionel Toussaint,50
not_a_scammer,some scammer,224
Duke Cody,Andi Brand,30
some scammer,not_a_scammer,20
Carol,Eve,52
David,Tech Bro,144
Eve,Birdie Jay,240
Credulous Journalist,Eve,109
Andi Brand,some hacker,24
Al Sweigart,David,8731
Bob,Eve,39
Mark Z.,Tax evader,205
Tech Bro,Carol,74
not_a_scammer,not_a_scammer,208
David,Mark Z.,175
Eve,some scammer,18
Claire Debella,Bob,119
some scammer,Claire Debella,41
Tech Bro,Tax evader,22
some hacker,Al Sweigart,137
Eve,Mark Z.,270
Tech Bro,Al Sweigart,114
David,Tax evader,43
Duke Cody,not_a_scammer,85
Bob,Credulous Journalist,153
Al Sweigart,Al Sweigart,5491
Miles Bron,Miles Bron,50
David,Bob,182
Mark Z.,Eve,123
Tech Bro,Tech Bro,193
Bob,Credulous Journalist,71
Credulous Journalist,not_a_scammer,186
Credulous Journalist,Lionel Toussaint,194
Al Sweigart sock #27,Tech Bro,24
Credulous Journalist,Tax evader,120
Al Sweigart sock #27,not_a_scammer,210
Carol,Miles Bron,43
some scammer,Alice,54
some hacker,Eve,191
some scammer,Credulous Journalist,62
Duke Cody,Credulous Journalist,41
Al Sweigart,Tax evader,3599
Miles Bron,Carol,45
some scammer,Al Sweigart,10
Al Sweigart,Miles Bron,14529
Claire Debella,Carol,15
Mark Z.,Bob,252
David,Carol,137
some hacker,Bob,18
Eve,Duke Cody,280
Claire Debella,Eve,280
Mark Z.,Andi Brand,237
David,Claire Debella,210
Duke Cody,Credulous Journalist,136
Credulous Journalist,Miles Bron,207
Tech Bro,Al Sweigart sock #27,116
some scammer,Al Sweigart sock #27,19
Mark Z.,Tech Bro,218
Al Sweigart sock #27,Duke Cody,198
Birdie Jay,some hacker,197
Al Sweigart,Al Sweigart sock #27,30950
Lionel Toussaint,some hacker,12
Birdie Jay,Alice,184
Eve,Carol,13
some scammer,Eve,25
Tax evader,Claire Debella,103
Andi Brand,Al Sweigart,230
Bob,Lionel Toussaint,15
Birdie Jay,Tech Bro,87
Lionel Toussaint,not_a_scammer,83